282971623,Metropolitana de Santiago,Las Condes,4665 Risus. Calle,9
398903390,Metropolitana de Santiago,Paine,Apdo.:713-212 In C/,3
279211731,Metropolitana de Santiago,Santiago,"Apartado núm.: 663, 8843 Dolor, C/",8
405567873,Metropolitana de Santiago,Buin,599-106 Nec Avda.,9
462475047,Valparaíso,Juan Fernández,"Apdo.:953-2657 Enim, C/",7
101001261,Metropolitana de Santiago,Macul,"Apartado núm.: 178, 5263 Neque Avda.",2
107323902,Biobío,Ránquil,5866 A ,8
392259252,Metropolitana de Santiago,María Pinto,1047 Mollis. Avenida,8
246928673,Metropolitana de Santiago,Pudahuel,865 Molestie ,3
98468811,Los Lagos,Curaco de Vélez,1790 Rhoncus. C/,8
256512602,Metropolitana de Santiago,Lo Barnechea,409-4451 Fames Av.,6
144677811,Metropolitana de Santiago,Padre Hurtado,572-9853 Lacus. Avda.,4
347145998,Metropolitana de Santiago,Isla de Maipo,2156 Amet ,1
230899223,Atacama,Diego de Almagro,966-5729 Ipsum. Calle,8
64459856,Biobío,Coelemu,6533 Lorem Av.,5
230004773,Coquimbo,Illapel,"Apartado núm.: 504, 8991 Non, Av.",2
251147876,Los Lagos,Hualaihué,262-1234 Odio Avda.,3
100512572,Metropolitana de Santiago,Estación Central,"Apartado núm.: 393, 7250 Elementum, Calle",2
411813185,Araucanía,Loncoche,Apdo.:341-1229 Lacinia. Avenida,6
119575583,Metropolitana de Santiago,Isla de Maipo,186-7020 Sed Av.,10
489966034,Arica y Parinacota,Putre,757-4114 Proin Carretera,2
280108618,Antofagasta,Ollagüe,"Apartado núm.: 124, 935 Erat Carretera",1
214402238,Maule,Villa Alegre,Apdo.:112-273 Ultrices Carretera,8
100333783,Metropolitana de Santiago,Cerrillos,668-5749 Nec Avda.,8
74843972,Metropolitana de Santiago,Colina,"Apartado núm.: 895, 5281 Lectus Carretera",4
45162394k,Metropolitana de Santiago,San Joaquín,532-9337 Dis Calle,2
190850889,Metropolitana de Santiago,Paine,1671 Senectus Carretera,9
111356068,Metropolitana de Santiago,Vitacura,"Apartado núm.: 188, 3818 Penatibus C.",5
166729211,Biobío,Hualqui,690-2462 Dignissim Carretera,2
85495380,Antofagasta,Mejillones,5494 Nec Avenida,1
132347328,Metropolitana de Santiago,Colina,"Apartado núm.: 390, 7557 Et Carretera",1
462297017,Metropolitana de Santiago,San Miguel,Apdo.:468-8179 Magnis Avda.,2
484713529,O'Higgins,Paredones,4697 Penatibus Avenida,4
166221374,Metropolitana de Santiago,Colina,6952 Ac Carretera,2
277614936,Coquimbo,Combarbalá,4233 Risus Av.,7
436487010,Los Ríos,Valdivia,"Apartado núm.: 234, 1964 Morbi Avda.",8
33571573k,Arica y Parinacota,Putre,"630-5355 Enim, ",2
481352460,Los Ríos,Río Bueno,583-5584 Pellentesque ,7
58865575,Metropolitana de Santiago,Lo Prado,799-7755 Semper C/,2
468544202,Metropolitana de Santiago,Tiltil,"Apartado núm.: 270, 7968 Magna C/",2
13406658k,Metropolitana de Santiago,Pudahuel,"Apdo.:162-839 Nostra, Av.",9
416713545,Metropolitana de Santiago,Macul,179 Placerat. Ctra.,3
207681970,Maule,San Clemente,Apdo.:101-2854 Risus. C/,7
328179334,Metropolitana de Santiago,Vitacura,952-6693 Tempus Avenida,9
400715718,Biobío,San Nicolás,Apdo.:388-4234 Eget Calle,3
425593242,Metropolitana de Santiago,Independencia,"Apartado núm.: 592, 9312 Molestie ",1
119522080,Metropolitana de Santiago,Talagante,"1661 Vestibulum, C/",1
426899280,Metropolitana de Santiago,Padre Hurtado,603-660 Risus. ,1
439438061,Maule,Licantén,6836 Egestas. Calle,5
17955268k,Metropolitana de Santiago,San Miguel,Apdo.:318-3582 Gravida. Av.,7
429737575,Metropolitana de Santiago,La Reina,2940 Accumsan C.,4
371954260,Metropolitana de Santiago,Pirque,"4058 Dui, Ctra.",1
278493644,Araucanía,Vilcún,Apdo.:650-9706 Laoreet C.,9
413170575,O'Higgins,Peumo,1313 Sociosqu Av.,3
250507828,Metropolitana de Santiago,La Florida,637-4975 Imperdiet Carretera,3
448999327,Metropolitana de Santiago,San Ramón,Apdo.:642-5725 Odio Avenida,4
330144513,Los Ríos,La Unión,"Apartado núm.: 504, 3966 Molestie C/",8
487831581,Magallanes y Antártica Chilena,Timaukel,Apdo.:180-9681 Lobortis Calle,1
290728282,Tarapacá,Iquique,"Apartado núm.: 269, 7699 Eleifend Avenida",2
122782395,Metropolitana de Santiago,San Ramón,Apdo.:830-6271 Proin C/,1
68998832,Metropolitana de Santiago,Lampa,Apdo.:728-5006 Adipiscing C.,1
427951227,Coquimbo,Vicuña,"Apartado núm.: 373, 8646 Et Carretera",6
173535554,Metropolitana de Santiago,Padre Hurtado,"Apartado núm.: 566, 3155 Integer Ctra.",5
476891116,Metropolitana de Santiago,Colina,"Apartado núm.: 719, 2540 Non Av.",5
21043416k,Biobío,San Nicolás,"911-3151 Ullamcorper, Calle",9
206514604,Araucanía,Galvarino,Apdo.:989-1830 Magnis Ctra.,9
367517158,Metropolitana de Santiago,Estación Central,Apdo.:723-6293 Varius Ctra.,8
154382720,Maule,San Rafael,Apdo.:963-2219 Vitae Carretera,7
7929411k,Biobío,Coihueco,289-1512 Convallis Calle,5
347259438,Los Ríos,Panguipulli,1593 Enim Calle,5
57569662,Los Lagos,Chaitén,5191 Mauris Avenida,7
169325294,Metropolitana de Santiago,San José de Maipo,305-5783 Ipsum ,10
305757233,Metropolitana de Santiago,Talagante,8179 Amet C.,10
217118018,Biobío,San Fabián,6046 At Ctra.,5
352077550,Biobío,Tomé,"Apartado núm.: 687, 1189 Fermentum Carretera",10
106796378,Antofagasta,Antofagasta,"Apartado núm.: 729, 3757 Eu, C.",8
483723059,Metropolitana de Santiago,Peñalolén,"Apdo.:820-8938 Montes, Av.",3
255827464,Araucanía,Los Sauces,558-9537 Metus. Avda.,10
240329220,Metropolitana de Santiago,Maipú,Apdo.:134-739 Consequat Av.,9
128813381,Metropolitana de Santiago,Cerro Navia,4248 Massa. Avenida,1
178004514,Metropolitana de Santiago,Recoleta,4521 Justo Carretera,1
497459370,Arica y Parinacota,General Lagos,"Apartado núm.: 846, 141 Quam. ",2
190516377,Coquimbo,Combarbalá,"Apartado núm.: 637, 8398 Id, ",4
308062147,Metropolitana de Santiago,San José de Maipo,"Apartado núm.: 948, 4887 A Av.",8
269754125,Biobío,Arauco,"Apartado núm.: 175, 6788 Nulla Ctra.",2
484372586,Araucanía,Saavedra,"Apartado núm.: 664, 2121 Bibendum. Calle",6
360524086,Metropolitana de Santiago,Vitacura,Apdo.:809-2955 Eu Calle,1
70253259,Metropolitana de Santiago,Calera de Tango,972-7327 Quisque Avda.,3
262867528,O'Higgins,Pichilemu,"Apartado núm.: 503, 6167 Vitae, C/",3
396218577,Metropolitana de Santiago,Independencia,5706 Mattis. C/,8
45036424k,Valparaíso,San Felipe,"Apartado núm.: 370, 5034 Pede. C/",2
323659419,Coquimbo,Los Vilos,878-341 Est. Carretera,3
331446319,Valparaíso,Papudo,303-2557 Enim C.,5
254972851,Metropolitana de Santiago,La Cisterna,Apdo.:298-1127 Augue. Ctra.,2
121267969,Metropolitana de Santiago,San Miguel,"Apartado núm.: 916, 1024 Non, Ctra.",1
7386903k,Maule,San Rafael,9131 Et Avenida,2
50769410,Maule,Pelarco,102-7235 Rutrum Avda.,4
221867718,Maule,San Javier,"435-7628 Est, Calle",10
400815917,Valparaíso,El Tabo,1168 Cursus. Av.,5
34082783k,Metropolitana de Santiago,San José de Maipo,"260-9553 Rutrum, Avda.",8
177391867,Valparaíso,Algarrobo,894-4816 Vel Avenida,6
21081812k,Maule,Curicó,971-9059 Orci Ctra.,5
259457963,Metropolitana de Santiago,Padre Hurtado,337-8794 Molestie Carretera,8
211143177,Metropolitana de Santiago,Pedro Aguirre Cerda,920-5082 Faucibus ,4
95523439,Valparaíso,San Esteban,7973 Nulla Carretera,2
207599662,Magallanes y Antártica Chilena,Primavera,"9109 Convallis, Ctra.",6
195670889,Antofagasta,Tocopilla,6944 Magna ,5
35959450k,Metropolitana de Santiago,Estación Central,"Apartado núm.: 277, 5744 Ornare C/",5
398788540,Araucanía,Galvarino,125-2850 Pulvinar ,7
289811176,Metropolitana de Santiago,Peñalolén,Apdo.:655-9654 Sapien Ctra.,6
445639370,Metropolitana de Santiago,Lo Espejo,"Apartado núm.: 176, 148 Eleifend, C/",8
271384831,Biobío,Florida,"Apartado núm.: 527, 824 Nulla C/",10
257220982,Metropolitana de Santiago,Maipú,993-9667 Aliquam Carretera,4
409286577,O'Higgins,Requínoa,"Apartado núm.: 732, 9204 Nec Calle",9
53101593,Metropolitana de Santiago,Lo Espejo,"Apartado núm.: 184, 2213 Enim. Calle",1
71671046,Metropolitana de Santiago,Buin,"Apartado núm.: 797, 8843 Non, C/",1
414253059,Metropolitana de Santiago,San Pedro,288-3290 Fusce Avda.,10
348292692,Los Lagos,Puyehue,"Apdo.:145-6587 Elit, C.",8
141538187,Araucanía,Angol,977 Nullam Avda.,6
463907285,Los Lagos,Hualaihué,3406 Duis Avda.,3
311632442,Valparaíso,Juan Fernández,"Apartado núm.: 409, 1899 Sagittis. Ctra.",5
183581899,Antofagasta,Mejillones,"Apartado núm.: 749, 9031 Quisque Av.",7
115431463,Biobío,Yungay,962-2981 Euismod C/,1
228706744,Metropolitana de Santiago,Curacaví,"Apartado núm.: 113, 2180 Eget Calle",7
405342782,Valparaíso,Cartagena,"Apartado núm.: 373, 9996 Lorem C.",4
312121727,Valparaíso,Puchuncaví,Apdo.:644-8227 Proin C/,7
452351315,Antofagasta,Sierra Gorda,647-2978 Vulputate Avda.,2
243513855,Araucanía,Cholchol,245-3169 Lectus. Carretera,3
37618269k,Valparaíso,Nogales,"Apartado núm.: 446, 773 Curabitur Avda.",3
141754718,Metropolitana de Santiago,Calera de Tango,167-164 Pellentesque C.,10
431185733,Los Lagos,Quellón,781-300 Eget C/,1
316666787,Biobío,Ñiquén,825-9224 Vivamus C/,9
198931403,Biobío,Yumbel,"Apartado núm.: 582, 7719 Felis. Ctra.",1
291115241,Metropolitana de Santiago,Alhué,Apdo.:612-5201 Dis Calle,9
187020972,Antofagasta,María Elena,"638-4427 In, Av.",4
30890301k,Valparaíso,Cartagena,"Apdo.:659-8441 At, Avda.",2
243632021,Metropolitana de Santiago,Alhué,"997-4330 Magna, Carretera",1
381602818,Biobío,Nacimiento,Apdo.:468-5039 Aliquam ,1
353710907,Metropolitana de Santiago,Santiago,"Apartado núm.: 496, 1504 Arcu. Avenida",7
190378829,Metropolitana de Santiago,Lo Barnechea,"Apartado núm.: 234, 3635 Imperdiet C.",7
354701677,Metropolitana de Santiago,Padre Hurtado,2317 Commodo C.,8
16271158k,O'Higgins,Pichilemu,583-7303 Donec Ctra.,10
128777806,Maule,Rauco,"Apartado núm.: 634, 7400 Lorem, Avda.",3
283630218,Metropolitana de Santiago,San Bernardo,Apdo.:893-7176 Mauris ,1
288258872,Metropolitana de Santiago,Pedro Aguirre Cerda,1374 Diam Avda.,8
487663018,Araucanía,Villarrica,336-1657 Mi Av.,5
457904622,Antofagasta,Sierra Gorda,Apdo.:968-6513 Orci Carretera,4
496839609,Los Ríos,Río Bueno,Apdo.:622-6751 Nunc Avda.,8
49556908k,Araucanía,Cholchol,Apdo.:520-2225 Et Carretera,6
148413827,Tarapacá,Colchane,438-9324 Varius Carretera,4
487807141,Maule,Pelluhue,805-2106 Lorem Ctra.,3
337350100,Araucanía,Villarrica,436-5604 Et Avda.,9
62650214,Los Ríos,Río Bueno,"297-9295 Ut, C.",10
218720730,Antofagasta,Taltal,"347-2411 Sapien, ",9
73879027,Los Lagos,Palena,Apdo.:210-1002 Sit Avda.,9
255611895,Metropolitana de Santiago,Conchalí,156-2533 Quis ,2
337743978,Metropolitana de Santiago,Cerro Navia,7776 Lacinia Ctra.,4
175812466,Maule,Villa Alegre,9133 Sed Avda.,3
267700850,Valparaíso,El Quisco,3893 Fringilla Calle,3
69758320,Valparaíso,La Cruz,Apdo.:442-1710 Mi ,9
124469864,Metropolitana de Santiago,San Ramón,9444 Nisi ,10
256299488,Antofagasta,Tocopilla,944-1673 Ligula. C/,6
140590312,Maule,Pencahue,7546 Tincidunt Calle,3
55571171,Maule,Yerbas Buenas,9892 Dolor Calle,9
282389258,Metropolitana de Santiago,Quinta Normal,3511 Nam Avenida,9
266954751,Metropolitana de Santiago,Pudahuel,Apdo.:379-6433 Urna Avda.,7
406985458,Metropolitana de Santiago,María Pinto,5024 Pellentesque Av.,4
243144515,Antofagasta,Tocopilla,"Apdo.:140-7255 Amet, Ctra.",6
44408037k,Biobío,Lota,"Apartado núm.: 594, 3831 Lacus Avda.",7
417479384,O'Higgins,Chimbarongo,173-7637 Donec ,10
425203568,Maule,Licantén,737 Varius C.,6
460721180,Metropolitana de Santiago,El Monte,782-1754 Tincidunt Carretera,5
62280670,O'Higgins,Quinta de Tilcoco,663-7727 Faucibus Calle,4
13432872k,Metropolitana de Santiago,Recoleta,Apdo.:150-6744 Vulputate Avenida,5
250980213,Metropolitana de Santiago,Isla de Maipo,3398 In Calle,6
302510989,Metropolitana de Santiago,Curacaví,"Apartado núm.: 274, 5402 Dignissim Avenida",4
157263919,Valparaíso,San Esteban,Apdo.:655-3581 Congue. Carretera,8
380804425,O'Higgins,Chépica,510-6364 Sed Calle,9
158636190,Coquimbo,Ovalle,881-2110 Ut ,4
150745918,Metropolitana de Santiago,Paine,Apdo.:718-6033 Purus. Ctra.,1
345716130,Biobío,Quillón,4011 Vulputate Avenida,6
44767906k,Metropolitana de Santiago,Buin,278 Torquent C.,9
12164360k,Metropolitana de Santiago,La Cisterna,"Apartado núm.: 788, 3015 Duis Av.",4
294206043,Maule,Curepto,Apdo.:723-9143 Proin ,5
9430234k,Magallanes y Antártica Chilena,Laguna Blanca,Apdo.:585-8404 Egestas Av.,10
159865169,Los Lagos,Calbuco,6891 Fermentum ,6
359751923,Coquimbo,Salamanca,5649 Metus Ctra.,7
157867318,Araucanía,Villarrica,9205 Facilisis Avenida,3
492405493,Metropolitana de Santiago,Peñaflor,"Apartado núm.: 155, 2649 Dictum Avda.",4
263356128,Metropolitana de Santiago,Calera de Tango,"Apartado núm.: 574, 7033 A C.",5
177085871,Metropolitana de Santiago,Curacaví,Apdo.:253-8960 At Avenida,6
325115998,Los Lagos,Osorno,Apdo.:689-3348 Nunc Av.,9
415650639,Metropolitana de Santiago,Calera de Tango,Apdo.:253-356 Nec Av.,3
108558482,Metropolitana de Santiago,San Pedro,Apdo.:344-6174 Dui C/,5
89378974,Biobío,Pemuco,"Apartado núm.: 574, 7329 Neque. Calle",9
359842228,Araucanía,Galvarino,5519 Vel Avenida,1
470374586,Biobío,Lota,"Apartado núm.: 958, 8935 Nullam Ctra.",4
70181975,O'Higgins,Graneros,"Apartado núm.: 766, 2487 Scelerisque Carretera",1
207625779,Metropolitana de Santiago,San Miguel,5876 Et Carretera,5
136199560,Araucanía,Ercilla,221-4505 Nulla ,7
174248516,Biobío,Talcahuano,"Apartado núm.: 801, 5024 Pharetra Av.",3
294738096,Los Ríos,Lanco,"Apartado núm.: 723, 6791 Amet C/",1
36076818k,Metropolitana de Santiago,San José de Maipo,"Apartado núm.: 968, 8568 Fermentum Carretera",8
464352589,Metropolitana de Santiago,San José de Maipo,7962 Mauris. Calle,7
303106472,Los Lagos,Fresia,3596 Neque. Av.,2
27243185k,O'Higgins,Quinta de Tilcoco,2085 Eros. Avenida,7
342269923,Metropolitana de Santiago,La Granja,8348 Arcu. C/,1
60473919,Coquimbo,Río Hurtado,"8115 Dui, C.",2
465238208,Araucanía,Cholchol,472-9223 Augue Av.,5
152827830,Maule,Rauco,Apdo.:586-8118 Mauris Av.,9
60365636,Biobío,Concepción,Apdo.:217-5778 Quisque Av.,10
358668658,Atacama,Chañaral,Apdo.:250-3324 Neque. C.,5
59845861,Metropolitana de Santiago,San Ramón,"Apartado núm.: 421, 453 Ante Avenida",1
265108547,Metropolitana de Santiago,Providencia,"Apartado núm.: 522, 2125 Dui. Av.",3
85692070,Biobío,Chillán Viejo,"Apartado núm.: 434, 9421 Enim. Calle",3
491829605,Los Lagos,Futaleufú,"Apdo.:127-1880 Aliquet, C/",8
244243606,Metropolitana de Santiago,Santiago,"Apartado núm.: 529, 7374 Dolor Ctra.",6
284908376,Araucanía,Purén,"Apartado núm.: 758, 5593 Eu Ctra.",3
287519540,Biobío,Yumbel,528 Aliquam Av.,8
128051864,Biobío,Cabrero,"Apartado núm.: 701, 4528 Vel, Calle",5
56808973,Los Ríos,Lanco,"Apartado núm.: 836, 4802 Dui Av.",2
50511437k,Araucanía,Lumaco,7396 Risus. Carretera,1
458469024,Metropolitana de Santiago,Maipú,Apdo.:406-6073 Arcu Calle,2
233933554,Metropolitana de Santiago,Melipilla,"Apartado núm.: 739, 4282 Eu C/",3
134257229,Araucanía,Loncoche,Apdo.:867-4166 Nunc C.,6
230391734,Metropolitana de Santiago,Las Condes,4781 Et Avda.,5
436372523,Metropolitana de Santiago,Padre Hurtado,Apdo.:703-4529 Donec Calle,5
425459554,Magallanes y Antártica Chilena,Natales,"Apartado núm.: 143, 7596 Porttitor Calle",3
400207151,Maule,Sagrada Familia,"Apdo.:662-6504 Id, Avenida",6
332315668,Tarapacá,Huara,713-3454 Nibh Av.,5
227447427,Magallanes y Antártica Chilena,Primavera,"Apartado núm.: 763, 2775 Libero. Carretera",5
30523124k,Metropolitana de Santiago,Paine,"Apartado núm.: 440, 9059 Non Ctra.",4
255236210,Metropolitana de Santiago,Puente Alto,285-7996 Ut Calle,1
197198826,Metropolitana de Santiago,La Cisterna,"Apartado núm.: 648, 3232 Nunc Calle",8
239800866,Valparaíso,Santa María,"824-7669 Lorem, C/",1
353261738,Coquimbo,La Higuera,7079 Augue C/,1
399469724,Biobío,Cabrero,Apdo.:403-6570 Lobortis Av.,10
297043978,Biobío,San Pedro de la Paz,Apdo.:862-9736 At C/,7
344086141,Coquimbo,Coquimbo,915-4450 Rutrum Avda.,6
79040037,Metropolitana de Santiago,Conchalí,Apdo.:439-6245 Non ,5
288415390,O'Higgins,Olivar,"Apartado núm.: 284, 1463 Ut Carretera",6
9482866k,Metropolitana de Santiago,Huechuraba,Apdo.:155-9412 Nunc Avenida,2
393181036,O'Higgins,Lolol,364-8570 Ac C/,7
270097715,Biobío,Mulchén,7149 Nunc. Carretera,1
211058455,Metropolitana de Santiago,Calera de Tango,"Apartado núm.: 181, 9287 Est C/",1
195028591,Metropolitana de Santiago,Colina,"Apdo.:221-1894 Non, Avenida",1
221897870,Los Lagos,Quellón,"173-9576 Eu, ",10
73672279,Metropolitana de Santiago,Huechuraba,616 Sed Calle,9
88223608,Valparaíso,La Cruz,Apdo.:496-4418 Sodales Ctra.,6
485019812,O'Higgins,Peralillo,227-873 Odio ,9
437825181,Maule,Vichuquén,"466-5500 Nec, Avenida",2
252310223,Valparaíso,Hijuelas,3550 Natoque Calle,10
485816836,Maule,Romeral,"Apartado núm.: 118, 5963 Viverra. Avenida",8
247802525,Coquimbo,Vicuña,677-5768 Nullam Av.,5
290555310,Biobío,Quilaco,868-8802 Sagittis Avda.,3
371709649,Metropolitana de Santiago,Lo Barnechea,"Apartado núm.: 904, 1961 Primis Carretera",4
37677855k,Metropolitana de Santiago,Paine,"Apartado núm.: 458, 3663 Nulla. C.",3
30314577k,Metropolitana de Santiago,San Pedro,"Apartado núm.: 149, 1977 Consectetuer Calle",6
265850553,Metropolitana de Santiago,La Cisterna,8825 Odio. C/,4
11418229k,Metropolitana de Santiago,Paine,Apdo.:565-4916 Lobortis C.,8
239972268,Coquimbo,Illapel,"Apartado núm.: 864, 8848 Curabitur ",6
61915346,Metropolitana de Santiago,El Bosque,"Apdo.:474-5616 Vulputate, C/",4
283440265,Atacama,Caldera,727-6277 Sem C/,7
166698812,Antofagasta,Taltal,"Apartado núm.: 117, 2279 Ornare. Av.",6
240808838,Valparaíso,Limache,"Apartado núm.: 371, 5248 Scelerisque Calle",4
400359717,Metropolitana de Santiago,El Bosque,896-2181 Massa Carretera,6
385142927,Los Ríos,Mariquina,2040 Ac Ctra.,2
48492449k,Metropolitana de Santiago,El Monte,5510 In C.,4
315437598,Antofagasta,Taltal,435-4687 Ante C/,9
482249671,Maule,Parral,635 Et C.,7
147300336,Araucanía,Loncoche,"Apartado núm.: 708, 1233 Nunc ",9
127688842,Tarapacá,Huara,3969 Lobortis Av.,10
83457538,Metropolitana de Santiago,La Cisterna,"Apartado núm.: 477, 8492 Donec C/",7
500329920,Araucanía,Pitrufquén,Apdo.:546-5922 In C/,9
101996026,O'Higgins,Chépica,Apdo.:721-2422 Accumsan Av.,10
377255909,Metropolitana de Santiago,Pedro Aguirre Cerda,Apdo.:860-7918 Semper Avda.,6
501782971,Coquimbo,Río Hurtado,238-2824 Molestie Av.,9
247999221,Maule,Romeral,"Apartado núm.: 168, 1705 Hendrerit C/",10
166309433,Valparaíso,Cartagena,"Apartado núm.: 441, 1858 Eget Ctra.",7
50985131k,Biobío,Quillón,Apdo.:233-1735 Donec Calle,10
471288225,Biobío,Ránquil,"Apartado núm.: 717, 7362 Suscipit, ",3
366912169,Metropolitana de Santiago,Independencia,9354 Tristique Calle,8
208979515,Metropolitana de Santiago,La Granja,"Apartado núm.: 995, 9348 Orci, Avda.",10
201292662,Metropolitana de Santiago,San Bernardo,"797-6442 In, Calle",6
462744609,Metropolitana de Santiago,La Granja,"Apartado núm.: 272, 6969 Purus Ctra.",8
230268908,Metropolitana de Santiago,Pedro Aguirre Cerda,158-6082 Lacus. C.,9
25287948k,Maule,Hualañé,Apdo.:287-6161 Vitae C.,2
356495101,Metropolitana de Santiago,Lo Espejo,444-7410 Consectetuer Av.,8
338112602,Biobío,Hualpén,185-7603 Velit. ,2
166108004,Metropolitana de Santiago,Peñalolén,"Apartado núm.: 960, 7969 Phasellus Avenida",3
266579756,Metropolitana de Santiago,Vitacura,"Apartado núm.: 715, 6077 Adipiscing Avda.",9
265480098,Biobío,Nacimiento,Apdo.:472-1736 Integer C.,7
200521471,Valparaíso,Rinconada,1506 Luctus ,4
15017080k,Tarapacá,Iquique,"9234 Id, Av.",4
17627767k,Los Lagos,Futaleufú,"Apartado núm.: 401, 9000 Sed Av.",5
302536309,Metropolitana de Santiago,Melipilla,Apdo.:512-7536 Nullam Avenida,2
5042538k,Los Lagos,Fresia,Apdo.:547-3189 Et Calle,2
124061008,O'Higgins,Rengo,"Apartado núm.: 260, 4407 Aenean Avda.",6
101282554,Metropolitana de Santiago,El Monte,"Apartado núm.: 835, 5500 Ac, Avda.",1
22264075k,Metropolitana de Santiago,Quinta Normal,Apdo.:918-4767 Erat. Carretera,2
